id,time
80,19-03-19 0:13
81,19-03-19 0:13
82,19-03-19 0:13
83,19-03-19 0:13
84,19-03-19 0:14
85,19-03-19 0:14
86,19-03-19 0:14
87,19-03-19 0:14
88,19-03-19 0:14
89,19-03-19 0:14
90,19-03-19 0:15
91,19-03-19 0:15
92,19-03-19 0:15
93,19-03-19 0:15
94,19-03-19 0:15
95,19-03-19 0:15
96,19-03-19 0:16
97,19-03-19 0:16
98,19-03-19 0:16
99,19-03-19 0:16
100,19-03-19 0:16
101,19-03-19 0:16
102,19-03-19 0:17
103,19-03-19 0:17
104,19-03-19 0:17
105,19-03-19 0:17
106,19-03-19 0:17
107,19-03-19 0:17
108,19-03-19 0:18
109,19-03-19 0:18
110,19-03-19 0:18
111,19-03-19 0:18
112,19-03-19 0:18
113,19-03-19 0:18
114,19-03-19 0:19
115,19-03-19 0:19
116,19-03-19 0:19
117,19-03-19 0:19
118,19-03-19 0:19
119,19-03-19 0:19
